AUTHORITY (Authority Limited)
AUTHORITY. (Authority Limited)
AUTH (Authority Limited)
AUTH. (Authority Limited)
ASSOCIATES (Associates)
ASSOCIATES. (Associates)
ASSOC (Associates)
ASSOC. (Associates)
Association. (Associates)
Association (Associates)
CO (Cooperation)
CO. (Cooperation)
C.O. (Cooperation)
CCC (Cwmni Cyfyngedig Cyhoeddus)
CCC. (Cwmni Cyfyngedig Cyhoeddus)
C.C.C. (Cwmni Cyfyngedig Cyhoeddus)
C.C.C (Cwmni Cyfyngedig Cyhoeddus)
CIC (community interest company)
C.I.C (community interest company)
CIC. (community interest company)
C.I.C. (community interest company)
CIO (Charitable Incorporated Organisation)
C.I.O (Charitable Incorporated Organisation)
C.I.O. (Charitable Incorporated Organisation)
CIO. (Charitable Incorporated Organisation)
Coop (Cooperative)
Coop. (Cooperative)
Corp (Corporation)
Corp. (Corporation)
Corporation (Corporation)
Ent (Enterprise)
Ent. (Enterprise)
Enterprise (Enterprise)
FSB (Federal Savings Bank)
FSB. (Federal Savings Bank)
F.S.B. (Federal Savings Bank)
F.S.B (Federal Savings Bank)
GP (General Partnership)
GP. (General Partnership)
G.P. (General Partnership)
G.P (General Partnership)
GROUP (group)
GRP. (group)
GRP (group)
GROUPS (group)
GROUP. (group)
HUF (Hindu Undivided Family)
HUF. (Hindu Undivided Family)
H.U.F (Hindu Undivided Family)
H.U.F (Hindu Undivided Family)
ILP (Incorporated)
ILP. (Incorporated)
I.L.P. (Incorporated)
I.L.P (Incorporated)
Incorporated (Incorporated)
Import Export Co. Ltd (lltd)
Import Export Co.. Ltd (lltd)
Import Export Co. Ltd. (lltd)
Import Export Co Ltd (lltd)
Import Export Co, Ltd. (lltd)
Import Export Co, Ltd.. (lltd)
Import Export Co, Ltd, (lltd)
Import Export Co.Ltd (lltd)
Import Export Co Ltd. (lltd)
Care (Care)
Care. (Care)
Care Centre. (Care)
CareCentre (Care)
Care.Centre. (Care)
Care Centre (Care)
Care Centre (Care)
Care..Centre (Care)
CareCentre. (Care)
Care Ctr (Care)
Care Ctr. (Care)
Care Centre (Care)
Center (care)
Centre (Care)
Center. (care)
CTR (Control)
CTR. (Control)
C.T.R. (Control)
C.T.R (Control)
Co Ltd. (lltd)
Co Ltd (lltd)
Co. Ltd. (lltd)
CoLtd (lltd)
CoLtd. (lltd)
Co. Ltd (lltd)
Co. Ltd (lltd)
Co. Ltd. (lltd)
Co, Ltd. (lltd)
Council. (Council)
Council (Council)
Coun. (Council)
County Limited (Limited)
County.Limited (Limited)
County Limited. (Limited)
County Ltd. (Limited)
County Ltd (Limited)
County (Limited)
County. (Limited)
Co Limited (Incorporated)
FL (flayer)
FL. (flayer)
F.L. (flayer)
F.L (flayer)
Inc (Incorporated)
Inc. (Incorporated)
Incorp. (Incorporated)
Incorp (Incorporated)
Incor (Incorporated)
Incor. (Incorporated)
Incorporation Company (INC)
Incorporation Company (INC)
Incorporated. (Incorporated)
Incorporation (Incorporated)
Incorporation. (Incorporated)
Incorporated. (Incorporated)
Incorporated (Incorporated)
Joint Venture (JWDW VE)
Joint Venture. (JWDW VE)
L.C (Limited Liability Company)
L.C. (Limited Liability Company)
L.C (Limited Liability Company
LC (Limited Liability Company
LC. (Limited Liability Company
Limited Liability Company (Limited Liability Company)
Liability Company (Limited Liability Company)
LLCompany (Limited Liability Company)
L.L.C. (Limited Liability Company)
LLC (Limited Liability Company)
LLC. (Limited Liability Company)
L.L.C (Limited Liability Company)
Limited Liability Company (Limited Liability Company)
LimitedLiabilityCompany (Limited Liability Company)
LimitedLiabilityCompany. (Limited Liability Company)
Limited LiabilityCompany (Limited Liability Company)
Limited Liability Company. (Limited Liability Company)
Limited Liability Company (Limited Liability Company)
LLLP (Limited Liability Limited Partnership)
LLLP. (Limited Liability Limited Partnership)
L.L.L.P. (Limited Liability Limited Partnership)
LLLP. (Limited Liability Limited Partnership)
LLLP (Limited Liability Limited Partnership)
LLLPs (Limited Liability Limited Partnership)
LLLPs. (Limited Liability Limited Partnership)
LLP (Limited Liability Partnership)
LLP. (Limited Liability Partnership)
L.L.P. (Limited Liability Partnership)
L.L.P (Limited Liability Partnership)
LLPs (Limited Liability Partnership)
LLPs. (Limited Liability Partnership)
LTDA (WDWD)
LTDA. (WDWD)
L.T.D.A. (WDWD)
L.T.D.A (WDWD)
Limited Liability Partnership (dwd)
Ltd (Limited)
Ltd. (Limited)
Limited (Limited)
Ltd., (Limited)
Ltd, (Limited)
Ltd,, (Limited)
Limited (Limited)
L.T.D (Limited)
L.T.D. (Limited)
Ltd. (Public Limited Company)
Limited (Public Limited Company)
Ltd Co (Limited Company)
Ltd Co. (Limited Company)
Ltd. Co. (Limited Company)
LtdCo. (Limited Company)
LtdCo (Limited Company)
Ltd.Co. (Limited Liability Company)
Ltd. Co. (Limited Company)
Ltd. Co. (Limited Liability Company)
Limited Company (Limited Company)
Limited.Company (Limited Company)
Limited.Company. (Limited Company)
LimitedCompany (Limited Company)
LimitedCompany. (Limited Company)
Fund (funds)
Fund. (Funds)
Foundation (Funds)
Foundat. (funds)
Foundations (funds)
MD (Mobile distrcit)
MD. (Mobile distrcit)
M.D. (Mobile distrcit)
M.D (Mobile distrcit)
NA (National Association)
NA. (National Association)
NL (No liability)
NL. (No liability)
NT&SA (National Trust and Savings Association)
NT&SA. (National Trust and Savings Association)
ORG (Organisation)
ORG. (Organisation)
O.R.G (Organisation)
ORGS (Organisation)
ORGS. (Organisation)
PL. (Public limited)
P.L (Public limited)
P.L. (Public limited)
P.L. (Public limited)
P.A (Public ASSOCIATES)
P.A. (Public ASSOCIATES)
PA (Public ASSOCIATES)
PA. (Public ASSOCIATES)
P.C (Public Corporation)
P.C. (Public Corporation
PC (Public Corporation
PC. (Public Corporation
PLC (Public Limited Company)
PLC. (Public Limited Company)
P.L.C. (Public Limited Company)
P.L.C (Public Limited Company)
PLLC (Professional Limited Liability Company)
PLLC. (Corporation)
P.L.L.C. (Corporation)
P.L.L.C (Corporation)
PSU (Public Sector Undertaking)
PSU. (Public Sector Undertaking)
P.S.U. (Public Sector Undertaking)
P.S.U (Public Sector Undertaking)
Persona Fisica (PDF)
Persona Fisica. (Cooperative)
Persona Fisica. (Sociedad Anónima Bursátil)
Persona Fisica. (Sociedad Anónima Promotora de Inversión)
Persona Fisica. (Sociedad de Responsabilidad Limitada)
Persona Fisica. (Sociedad en Comandita Simple)
Persona Fisica. (Sociedad en Comandita por Acciones)
Plc Ltd (Public Limited Company)
Plc Ltd. (Public Limited Company)
Plc. Ltd. (Public Limited Company)
Plc. Ltd (Public Limited Company)
PlcLtd (Public Limited Company)
Plc Ltd (Public Limited Company)
Plc Ltd. (Public Limited Company
Plc.Ltd. (Public Limited Company)
Pte.Ltd (Private Limited Company)
Pte. Ltd. (Private Limited Company)
Pte. Ltd (Private Limited Company)
Pty (Unlimited)
Pty. (Unlimited)
Pty Ltd (Proprietary Limited Company)
Pty Ltd. (Proprietary Limited Company)
Pty. Ltd. (Proprietary Limited Company)
Pty..Ltd. (Proprietary Limited Company)
Pty Ltd. (Proprietary Limited Company)
Pty.Ltd. (Proprietary Limited Company)
PtyLtd. (Proprietary Limited Company)
PtyLtd (Proprietary Limited Company)
Pty Ltd (Proprietary Limited Company)
Pty.Ltd (Proprietary Limited Company)
Pvt. Ltd (Private Limited Company)
Pvt Ltd. (Private Limited Company)
Pvt. Ltd (Private Limited Company)
Pvt.Ltd (Private Limited Company)
Pvt.Ltd. (Private Limited Company)
Pvt Ltd. (Private Limited Company)
PvtLtd. (Private Limited Company)
Pvt Ltd. (Private Limited Company)
Pvt. Ltd. (Private Limited Company)
Pvt.Ltd. (Private Limited Company)
PvtLtd. (Private Limited Company)
PvtLtd (Private Limited Company)
Private.Limited.Company (Private Limited Company)
Private.Limited.Company. (Private Limited Company)
Private.Limited. Company (Private Limited Company)
PrivateLimited. (Private Limited Company)
PrivateLimited (Private Limited Company)
Private.Limited Company (Private Limited Company)
Private. Limited (Private Limited Company)
Private. Limited. (Private Limited Company)
Private Limited. (Private Limited Company)
Limited Company (Private Limited Company)
Private Company (Private Limited Company)
Private Limited (Private Limited Company)
Private Limited (Private Limited Company)
S de RL (Sociedad de Responsabilidad Limitada)
S de RL. (Sociedad de Responsabilidad Limitada)
S en C (Sociedad en Comandita Simple)
S en C. (Sociedad en Comandita Simple)
S en C por A (Sociedad en Comandita por Acciones)
S. en. C. por A. (Sociedad en Comandita por Acciones)
S en C por. A. (Sociedad en Comandita por Acciones)
S en C. por. A. (Sociedad en Comandita por Acciones)
S en C. por A. (Sociedad en Comandita por Acciones)
S en. C por. A. (Sociedad en Comandita por Acciones)
S en C por. A (Sociedad en Comandita por Acciones)
S en. C por. A (Sociedad en Comandita por Acciones)
S en. C por A (Sociedad en Comandita por Acciones)
S en. C por A. (Sociedad en Comandita por Acciones)
S en C por A (Sociedad en Comandita por Acciones)
S. de R.L. (Sociedad de Responsabilidad Limitada)
S. en C. (Sociedad en Comandita Simple)
S. en C. por A. (Sociedad en Comandita por Acciones)
S.A. (Sociedad Anónima)
SA. (Sociedad Anónima)
S.A (Sociedad Anónima)
SA (Sociedad Anónima)
S.A.B (Sociedad Anónima Bursátil)
SAB. (Sociedad Anónima Bursátil)
SAB (Sociedad Anónima Bursátil)
S.A.B. (Sociedad Anónima Bursátil)
S.A.P.I (Sociedad Anónima Promotora de Inversión)
S.A.P.I. (Sociedad Anónima Promotora de Inversión)
SAPI (Sociedad Anónima Promotora de Inversión)
SAPI. (Sociedad Anónima Promotora de Inversión)
S.A.S (Sociedades de Acciones Simplificadas)
S.A.S. (Sociedades de Acciones Simplificadas)
S.A.S. (Sociedades de Acciones Simplificadas)
SAS. (Sociedades de Acciones Simplificadas)
SAS (Sociedades de Acciones Simplificadas)
S.C.P.A (Sociedad en Comandita por Acciones)
SCPA. (Sociedad Colectiva)
SCPA (Sociedad Colectiva)
SCPA. (Sociedad Colectiva)
S.C.P.A. (Sociedad Colectiva)
S.C.S (Sociedad en Comandita Simple)
S.C.S. (Sociedad en Comandita Simple)
SCS. (Sociedad en Comandita Simple)
SCS (Sociedad en Comandita Simple)
S.C.e I. (Sociedad de Capital e Industria)
SCeI. (Sociedad de Capital e Industria)
SCeI (Sociedad de Capital e Industria)
S.C.e I. (Sociedad de Capital e Industria)
S.C.e.I. (Sociedad de Capital e Industria)
S.C.eI. (Sociedad de Capital e Industria)
SCeI (Sociedad de Capital e Industria)
S.E. (Sociedad del Estado)
S.E (Sociedad del Estado)
SE. (Sociedad del Estado)
SE (Sociedad del Estado)
S.G.R. (Sociedad de Garantia Reciproca)[10]
S.G.R (Sociedad de Garantía Reciproca)
SGR (Sociedad de Garantía Reciproca)
SGR. (Sociedad de Garantía Reciproca)
SRL. (Sociedad de Responsabilidad Limitada)
SRL. (Sociedad de Responsabilidad Limitada)
S.R.L. (Sociedad de Responsabilidad Limitada)
S.R.L (Sociedad de Responsabilidad Limitada)
SA (Sociedad Anónima)
S.A. (Sociedad Anónima)
S.A (Sociedad Anónima)
SA. (Sociedad Anónima)
SA. (Sociedad de Responsabilidad Limitada)
SAB (Sociedad Anónima Bursátil)
SAB. (Sociedad Anónima Bursátil)
S.A.B. (Sociedad Anónima Bursátil)
S.A.B (Sociedad Anónima Bursátil)
SAPI (Sociedad Anónima Promotora de Inversión)
S.A.P.I (Sociedad Anónima Promotora de Inversión)
S.A.P.I. (Sociedad Anónima Promotora de Inversión)
SAPI. (Sociedad Anónima Promotora de Inversión)
SAS (Sociedades de Acciones Simplificadas)
SAS. (Sociedad Anónima)
S.A.S. (Sociedades de Acciones Simplificadas)
S.A.S (Sociedades de Acciones Simplificadas)
SCPA (Sociedad en Comandita por Acciones)
SCPA. (Sociedad en Comandita por Acciones)
S.C.P.A (Sociedad en Comandita por Acciones)
S.C.P.A. (Sociedad en Comandita por Acciones)
SCS (Sociedad en Comandita Simple)
SCS. (Sociedad en Comandita Simple)
S.C.S (Sociedad en Comandita Simple)
S.C.S. (Sociedad en Comandita Simple)
SCe I (Sociedad de Capital e Industria)
SCe. I. (Sociedad de Capital e Industria)
SCe I. (Sociedad de Capital e Industria)
SCeI. (Sociedad de Capital e Industria)
SCe.I (Sociedad de Capital e Industria)
SCe I. (Sociedad de Capital e Industria)
SE (Sociedad del Estado)
S.E (Sociedad del Estado)
S.E. (Sociedad del Estado)
SE. (Sociedad del Estado)
SGR (Sociedad de Garantia Reciproca)[10]
S.G.R (Sociedad de Garantía Reciproca)
S.G.R. (Sociedad de Garantia Reciproca)[10]
SGR. (Sociedad de Garantía Reciproca)
SM Pte Ltd. (Single Member Private Limited Company)
SM Pte. Ltd. (Single Member Private Limited Company)
SM PteLtd (Single Member Private Limited Company)
SM Pte.Ltd. (Single Member Private Limited Company)
SM PteLtd. (Single Member Private Limited Company)
SM Pte.Ltd. (Single Member Private Limited Company)
SM.Pte.Ltd. (Single Member Private Limited Company)
SMPte.Ltd. (Single Member Private Limited Company)
SMPteLtd (Single Member Private Limited Company)
SMPteLtd. (Single Member Private Limited Company)
SP. (Sole Proprietorship)
S.P (Sole Proprietorship)
S.P. (Sole Proprietorship)
SP (Sole Proprietorship)
S.R.L (Sociedad en Comandita Simple)
SRL. (Sociedad en Comandita Simple)
SRL (Sociedad en Comandita Simple)
S.R.L. (Sociedad en Comandita Simple)
Soc.Col (Sociedad Colectiva)
Soc.Col. (Sociedad Colectiva)
SocCol (Sociedad Colectiva)
SocCol. (Sociedad Colectiva)
Ultd (United Limited)
Ultd. (United Limited)
Unltd (United Limited)
Unltd. (United Limited)
United Limited (United Limited)